--------------------------------------------------------
--  File created - Saturday-January-11-2025   
--------------------------------------------------------
--------------------------------------------------------
--  DDL for Table COURSE
--------------------------------------------------------

  CREATE TABLE "S4101382"."COURSE" 
   (	"COURSE_ID" NUMBER(*,0), 
	"COURSE_NAME" VARCHAR2(100 BYTE)
   ) SEGMENT CREATION IMMEDIATE 
  PCTFREE 10 PCTUSED 40 INITRANS 1 MAXTRANS 255 
 NOCOMPRESS LOGGING
  STORAGE(INITIAL 65536 NEXT 1048576 MINEXTENTS 1 MAXEXTENTS 2147483645
  PCTINCREASE 0 FREELISTS 1 FREELIST GROUPS 1
  BUFFER_POOL DEFAULT FLASH_CACHE DEFAULT CELL_FLASH_CACHE DEFAULT)
  TABLESPACE "S4101382" ;
--------------------------------------------------------
--  DDL for Table MODULES
--------------------------------------------------------

  CREATE TABLE "S4101382"."MODULES" 
   (	"MODULE_ID" NUMBER(*,0), 
	"MODULE_NAME" VARCHAR2(100 BYTE), 
	"MODULE_DATETIME" DATE, 
	"MODULE_TEACHER" NUMBER(*,0), 
	"COURSE_ID" NUMBER(*,0), 
	"MODULE_CATS" NUMBER(*,0), 
	"OPTIONAL" CHAR(1 BYTE)
   ) SEGMENT CREATION IMMEDIATE 
  PCTFREE 10 PCTUSED 40 INITRANS 1 MAXTRANS 255 
 NOCOMPRESS LOGGING
  STORAGE(INITIAL 65536 NEXT 1048576 MINEXTENTS 1 MAXEXTENTS 2147483645
  PCTINCREASE 0 FREELISTS 1 FREELIST GROUPS 1
  BUFFER_POOL DEFAULT FLASH_CACHE DEFAULT CELL_FLASH_CACHE DEFAULT)
  TABLESPACE "S4101382" ;
--------------------------------------------------------
--  DDL for Table STUDENTS_COURSES
--------------------------------------------------------

  CREATE TABLE "S4101382"."STUDENTS_COURSES" 
   (	"USER_ID" NUMBER(*,0), 
	"COURSE_ID" NUMBER(*,0), 
	"COURSE_YEAR" NUMBER(*,0), 
	"STUDENT_RESULT" NUMBER(*,0)
   ) SEGMENT CREATION IMMEDIATE 
  PCTFREE 10 PCTUSED 40 INITRANS 1 MAXTRANS 255 
 NOCOMPRESS LOGGING
  STORAGE(INITIAL 65536 NEXT 1048576 MINEXTENTS 1 MAXEXTENTS 2147483645
  PCTINCREASE 0 FREELISTS 1 FREELIST GROUPS 1
  BUFFER_POOL DEFAULT FLASH_CACHE DEFAULT CELL_FLASH_CACHE DEFAULT)
  TABLESPACE "S4101382" ;
--------------------------------------------------------
--  DDL for Table STUDENTS_MODULES
--------------------------------------------------------

  CREATE TABLE "S4101382"."STUDENTS_MODULES" 
   (	"STUDENTS" NUMBER(*,0), 
	"MODULE_ID" NUMBER(*,0), 
	"MODULE_YEAR" NUMBER(38,0), 
	"STUDENT_RESULT" NUMBER(*,0)
   ) SEGMENT CREATION IMMEDIATE 
  PCTFREE 10 PCTUSED 40 INITRANS 1 MAXTRANS 255 
 NOCOMPRESS LOGGING
  STORAGE(INITIAL 65536 NEXT 1048576 MINEXTENTS 1 MAXEXTENTS 2147483645
  PCTINCREASE 0 FREELISTS 1 FREELIST GROUPS 1
  BUFFER_POOL DEFAULT FLASH_CACHE DEFAULT CELL_FLASH_CACHE DEFAULT)
  TABLESPACE "S4101382" ;
--------------------------------------------------------
--  DDL for Table USERS
--------------------------------------------------------

  CREATE TABLE "S4101382"."USERS" 
   (	"USER_ID" NUMBER(*,0), 
	"FIRST_NAME" VARCHAR2(50 BYTE), 
	"SECOND_NAME" VARCHAR2(50 BYTE), 
	"DOB" DATE, 
	"PASSWORD" VARCHAR2(50 BYTE), 
	"ENROLLED" CHAR(1 BYTE)
   ) SEGMENT CREATION IMMEDIATE 
  PCTFREE 10 PCTUSED 40 INITRANS 1 MAXTRANS 255 
 NOCOMPRESS LOGGING
  STORAGE(INITIAL 65536 NEXT 1048576 MINEXTENTS 1 MAXEXTENTS 2147483645
  PCTINCREASE 0 FREELISTS 1 FREELIST GROUPS 1
  BUFFER_POOL DEFAULT FLASH_CACHE DEFAULT CELL_FLASH_CACHE DEFAULT)
  TABLESPACE "S4101382" ;
REM INSERTING into S4101382.COURSE
SET DEFINE OFF;
Insert into S4101382.COURSE (COURSE_ID,COURSE_NAME) values (1,'Computer Science');
Insert into S4101382.COURSE (COURSE_ID,COURSE_NAME) values (2,'Cyber Security');
Insert into S4101382.COURSE (COURSE_ID,COURSE_NAME) values (3,'Cyber Forensics');
REM INSERTING into S4101382.MODULES
SET DEFINE OFF;
Insert into S4101382.MODULES (MODULE_ID,MODULE_NAME,MODULE_DATETIME,MODULE_TEACHER,COURSE_ID,MODULE_CATS,OPTIONAL) values (1,'Object Oriented Programming',to_date('13-NOV-24','DD-MON-RR'),201,1,15,'N');
Insert into S4101382.MODULES (MODULE_ID,MODULE_NAME,MODULE_DATETIME,MODULE_TEACHER,COURSE_ID,MODULE_CATS,OPTIONAL) values (2,'Maths for Computer Science',to_date('14-NOV-24','DD-MON-RR'),201,1,15,'N');
Insert into S4101382.MODULES (MODULE_ID,MODULE_NAME,MODULE_DATETIME,MODULE_TEACHER,COURSE_ID,MODULE_CATS,OPTIONAL) values (3,'Principles Of Programming',to_date('15-NOV-24','DD-MON-RR'),201,1,30,'N');
Insert into S4101382.MODULES (MODULE_ID,MODULE_NAME,MODULE_DATETIME,MODULE_TEACHER,COURSE_ID,MODULE_CATS,OPTIONAL) values (4,'Functional Programming',to_date('15-NOV-24','DD-MON-RR'),202,1,15,'Y');
Insert into S4101382.MODULES (MODULE_ID,MODULE_NAME,MODULE_DATETIME,MODULE_TEACHER,COURSE_ID,MODULE_CATS,OPTIONAL) values (5,'Agile Methods',to_date('15-NOV-24','DD-MON-RR'),201,1,15,'Y');
Insert into S4101382.MODULES (MODULE_ID,MODULE_NAME,MODULE_DATETIME,MODULE_TEACHER,COURSE_ID,MODULE_CATS,OPTIONAL) values (6,'Theory of Computing',to_date('15-NOV-24','DD-MON-RR'),201,1,15,'Y');
Insert into S4101382.MODULES (MODULE_ID,MODULE_NAME,MODULE_DATETIME,MODULE_TEACHER,COURSE_ID,MODULE_CATS,OPTIONAL) values (7,'Cyber Security Essentials',to_date('13-NOV-24','DD-MON-RR'),201,2,15,'N');
Insert into S4101382.MODULES (MODULE_ID,MODULE_NAME,MODULE_DATETIME,MODULE_TEACHER,COURSE_ID,MODULE_CATS,OPTIONAL) values (8,'Cryptography',to_date('14-NOV-24','DD-MON-RR'),201,2,30,'N');
Insert into S4101382.MODULES (MODULE_ID,MODULE_NAME,MODULE_DATETIME,MODULE_TEACHER,COURSE_ID,MODULE_CATS,OPTIONAL) values (9,'Secure Coding',to_date('15-NOV-24','DD-MON-RR'),201,2,15,'N');
Insert into S4101382.MODULES (MODULE_ID,MODULE_NAME,MODULE_DATETIME,MODULE_TEACHER,COURSE_ID,MODULE_CATS,OPTIONAL) values (10,'Operating Systems',to_date('15-NOV-24','DD-MON-RR'),202,2,15,'Y');
Insert into S4101382.MODULES (MODULE_ID,MODULE_NAME,MODULE_DATETIME,MODULE_TEACHER,COURSE_ID,MODULE_CATS,OPTIONAL) values (11,'Ethics',to_date('15-NOV-24','DD-MON-RR'),202,2,15,'Y');
Insert into S4101382.MODULES (MODULE_ID,MODULE_NAME,MODULE_DATETIME,MODULE_TEACHER,COURSE_ID,MODULE_CATS,OPTIONAL) values (12,'Law',to_date('15-NOV-24','DD-MON-RR'),202,2,15,'Y');
Insert into S4101382.MODULES (MODULE_ID,MODULE_NAME,MODULE_DATETIME,MODULE_TEACHER,COURSE_ID,MODULE_CATS,OPTIONAL) values (13,'Intro to Cyber Forensics',to_date('13-NOV-24','DD-MON-RR'),201,3,15,'N');
Insert into S4101382.MODULES (MODULE_ID,MODULE_NAME,MODULE_DATETIME,MODULE_TEACHER,COURSE_ID,MODULE_CATS,OPTIONAL) values (14,'Malware Analysis',to_date('14-NOV-24','DD-MON-RR'),201,3,30,'N');
Insert into S4101382.MODULES (MODULE_ID,MODULE_NAME,MODULE_DATETIME,MODULE_TEACHER,COURSE_ID,MODULE_CATS,OPTIONAL) values (15,'Ethical Hacking',to_date('15-NOV-24','DD-MON-RR'),202,3,15,'N');
Insert into S4101382.MODULES (MODULE_ID,MODULE_NAME,MODULE_DATETIME,MODULE_TEACHER,COURSE_ID,MODULE_CATS,OPTIONAL) values (16,'Forensic Psycology',to_date('15-NOV-24','DD-MON-RR'),201,3,15,'Y');
Insert into S4101382.MODULES (MODULE_ID,MODULE_NAME,MODULE_DATETIME,MODULE_TEACHER,COURSE_ID,MODULE_CATS,OPTIONAL) values (17,'Forensic Law',to_date('15-NOV-24','DD-MON-RR'),201,3,15,'Y');
Insert into S4101382.MODULES (MODULE_ID,MODULE_NAME,MODULE_DATETIME,MODULE_TEACHER,COURSE_ID,MODULE_CATS,OPTIONAL) values (18,'Packet Analysis',to_date('15-NOV-24','DD-MON-RR'),201,3,15,'Y');
REM INSERTING into S4101382.STUDENTS_COURSES
SET DEFINE OFF;
Insert into S4101382.STUDENTS_COURSES (USER_ID,COURSE_ID,COURSE_YEAR,STUDENT_RESULT) values (101,2,2024,null);
REM INSERTING into S4101382.STUDENTS_MODULES
SET DEFINE OFF;
Insert into S4101382.STUDENTS_MODULES (STUDENTS,MODULE_ID,MODULE_YEAR,STUDENT_RESULT) values (101,9,2025,64);
Insert into S4101382.STUDENTS_MODULES (STUDENTS,MODULE_ID,MODULE_YEAR,STUDENT_RESULT) values (101,7,2025,68);
Insert into S4101382.STUDENTS_MODULES (STUDENTS,MODULE_ID,MODULE_YEAR,STUDENT_RESULT) values (101,8,2025,null);
Insert into S4101382.STUDENTS_MODULES (STUDENTS,MODULE_ID,MODULE_YEAR,STUDENT_RESULT) values (101,12,2025,null);
Insert into S4101382.STUDENTS_MODULES (STUDENTS,MODULE_ID,MODULE_YEAR,STUDENT_RESULT) values (101,11,2025,null);
REM INSERTING into S4101382.USERS
SET DEFINE OFF;
Insert into S4101382.USERS (USER_ID,FIRST_NAME,SECOND_NAME,DOB,PASSWORD,ENROLLED) values (201,'staff','test',to_date('01-JAN-00','DD-MON-RR'),'test','N');
Insert into S4101382.USERS (USER_ID,FIRST_NAME,SECOND_NAME,DOB,PASSWORD,ENROLLED) values (101,'student','test',to_date('01-JAN-00','DD-MON-RR'),'test','Y');
Insert into S4101382.USERS (USER_ID,FIRST_NAME,SECOND_NAME,DOB,PASSWORD,ENROLLED) values (202,'staff2','test',to_date('01-JAN-00','DD-MON-RR'),'test','N');
Insert into S4101382.USERS (USER_ID,FIRST_NAME,SECOND_NAME,DOB,PASSWORD,ENROLLED) values (102,'student2','test',to_date('01-JAN-00','DD-MON-RR'),'test','Y');
--------------------------------------------------------
--  DDL for Index SYS_C00335089
--------------------------------------------------------

  CREATE UNIQUE INDEX "S4101382"."SYS_C00335089" ON "S4101382"."COURSE" ("COURSE_ID") 
  PCTFREE 10 INITRANS 2 MAXTRANS 255 COMPUTE STATISTICS 
  STORAGE(INITIAL 65536 NEXT 1048576 MINEXTENTS 1 MAXEXTENTS 2147483645
  PCTINCREASE 0 FREELISTS 1 FREELIST GROUPS 1
  BUFFER_POOL DEFAULT FLASH_CACHE DEFAULT CELL_FLASH_CACHE DEFAULT)
  TABLESPACE "S4101382" ;
--------------------------------------------------------
--  DDL for Index SYS_C00335091
--------------------------------------------------------

  CREATE UNIQUE INDEX "S4101382"."SYS_C00335091" ON "S4101382"."MODULES" ("MODULE_ID") 
  PCTFREE 10 INITRANS 2 MAXTRANS 255 COMPUTE STATISTICS 
  STORAGE(INITIAL 65536 NEXT 1048576 MINEXTENTS 1 MAXEXTENTS 2147483645
  PCTINCREASE 0 FREELISTS 1 FREELIST GROUPS 1
  BUFFER_POOL DEFAULT FLASH_CACHE DEFAULT CELL_FLASH_CACHE DEFAULT)
  TABLESPACE "S4101382" ;
--------------------------------------------------------
--  DDL for Index STUDENTS_COURSES_PK
--------------------------------------------------------

  CREATE UNIQUE INDEX "S4101382"."STUDENTS_COURSES_PK" ON "S4101382"."STUDENTS_COURSES" ("USER_ID", "COURSE_ID") 
  PCTFREE 10 INITRANS 2 MAXTRANS 255 COMPUTE STATISTICS 
  STORAGE(INITIAL 65536 NEXT 1048576 MINEXTENTS 1 MAXEXTENTS 2147483645
  PCTINCREASE 0 FREELISTS 1 FREELIST GROUPS 1
  BUFFER_POOL DEFAULT FLASH_CACHE DEFAULT CELL_FLASH_CACHE DEFAULT)
  TABLESPACE "S4101382" ;
--------------------------------------------------------
--  DDL for Index SYS_C00335096
--------------------------------------------------------

  CREATE UNIQUE INDEX "S4101382"."SYS_C00335096" ON "S4101382"."STUDENTS_MODULES" ("STUDENTS", "MODULE_ID") 
  PCTFREE 10 INITRANS 2 MAXTRANS 255 COMPUTE STATISTICS 
  STORAGE(INITIAL 65536 NEXT 1048576 MINEXTENTS 1 MAXEXTENTS 2147483645
  PCTINCREASE 0 FREELISTS 1 FREELIST GROUPS 1
  BUFFER_POOL DEFAULT FLASH_CACHE DEFAULT CELL_FLASH_CACHE DEFAULT)
  TABLESPACE "S4101382" ;
--------------------------------------------------------
--  DDL for Index SYS_C00335087
--------------------------------------------------------

  CREATE UNIQUE INDEX "S4101382"."SYS_C00335087" ON "S4101382"."USERS" ("USER_ID") 
  PCTFREE 10 INITRANS 2 MAXTRANS 255 COMPUTE STATISTICS 
  STORAGE(INITIAL 65536 NEXT 1048576 MINEXTENTS 1 MAXEXTENTS 2147483645
  PCTINCREASE 0 FREELISTS 1 FREELIST GROUPS 1
  BUFFER_POOL DEFAULT FLASH_CACHE DEFAULT CELL_FLASH_CACHE DEFAULT)
  TABLESPACE "S4101382" ;
--------------------------------------------------------
--  Constraints for Table COURSE
--------------------------------------------------------

  ALTER TABLE "S4101382"."COURSE" MODIFY ("COURSE_ID" NOT NULL ENABLE);
  ALTER TABLE "S4101382"."COURSE" ADD PRIMARY KEY ("COURSE_ID")
  USING INDEX PCTFREE 10 INITRANS 2 MAXTRANS 255 COMPUTE STATISTICS 
  STORAGE(INITIAL 65536 NEXT 1048576 MINEXTENTS 1 MAXEXTENTS 2147483645
  PCTINCREASE 0 FREELISTS 1 FREELIST GROUPS 1
  BUFFER_POOL DEFAULT FLASH_CACHE DEFAULT CELL_FLASH_CACHE DEFAULT)
  TABLESPACE "S4101382"  ENABLE;
--------------------------------------------------------
--  Constraints for Table MODULES
--------------------------------------------------------

  ALTER TABLE "S4101382"."MODULES" MODIFY ("MODULE_ID" NOT NULL ENABLE);
  ALTER TABLE "S4101382"."MODULES" ADD PRIMARY KEY ("MODULE_ID")
  USING INDEX PCTFREE 10 INITRANS 2 MAXTRANS 255 COMPUTE STATISTICS 
  STORAGE(INITIAL 65536 NEXT 1048576 MINEXTENTS 1 MAXEXTENTS 2147483645
  PCTINCREASE 0 FREELISTS 1 FREELIST GROUPS 1
  BUFFER_POOL DEFAULT FLASH_CACHE DEFAULT CELL_FLASH_CACHE DEFAULT)
  TABLESPACE "S4101382"  ENABLE;
  ALTER TABLE "S4101382"."MODULES" MODIFY ("COURSE_ID" NOT NULL ENABLE);
  ALTER TABLE "S4101382"."MODULES" MODIFY ("OPTIONAL" NOT NULL ENABLE);
--------------------------------------------------------
--  Constraints for Table STUDENTS_COURSES
--------------------------------------------------------

  ALTER TABLE "S4101382"."STUDENTS_COURSES" MODIFY ("USER_ID" NOT NULL ENABLE);
  ALTER TABLE "S4101382"."STUDENTS_COURSES" MODIFY ("COURSE_ID" NOT NULL ENABLE);
  ALTER TABLE "S4101382"."STUDENTS_COURSES" ADD CONSTRAINT "STUDENTS_COURSES_PK" PRIMARY KEY ("USER_ID", "COURSE_ID")
  USING INDEX PCTFREE 10 INITRANS 2 MAXTRANS 255 COMPUTE STATISTICS 
  STORAGE(INITIAL 65536 NEXT 1048576 MINEXTENTS 1 MAXEXTENTS 2147483645
  PCTINCREASE 0 FREELISTS 1 FREELIST GROUPS 1
  BUFFER_POOL DEFAULT FLASH_CACHE DEFAULT CELL_FLASH_CACHE DEFAULT)
  TABLESPACE "S4101382"  ENABLE;
--------------------------------------------------------
--  Constraints for Table STUDENTS_MODULES
--------------------------------------------------------

  ALTER TABLE "S4101382"."STUDENTS_MODULES" MODIFY ("STUDENTS" NOT NULL ENABLE);
  ALTER TABLE "S4101382"."STUDENTS_MODULES" MODIFY ("MODULE_ID" NOT NULL ENABLE);
  ALTER TABLE "S4101382"."STUDENTS_MODULES" ADD PRIMARY KEY ("STUDENTS", "MODULE_ID")
  USING INDEX PCTFREE 10 INITRANS 2 MAXTRANS 255 COMPUTE STATISTICS 
  STORAGE(INITIAL 65536 NEXT 1048576 MINEXTENTS 1 MAXEXTENTS 2147483645
  PCTINCREASE 0 FREELISTS 1 FREELIST GROUPS 1
  BUFFER_POOL DEFAULT FLASH_CACHE DEFAULT CELL_FLASH_CACHE DEFAULT)
  TABLESPACE "S4101382"  ENABLE;
--------------------------------------------------------
--  Constraints for Table USERS
--------------------------------------------------------

  ALTER TABLE "S4101382"."USERS" MODIFY ("USER_ID" NOT NULL ENABLE);
  ALTER TABLE "S4101382"."USERS" MODIFY ("DOB" NOT NULL ENABLE);
  ALTER TABLE "S4101382"."USERS" MODIFY ("PASSWORD" NOT NULL ENABLE);
  ALTER TABLE "S4101382"."USERS" ADD CHECK (enrolled IN ('Y', 'N')) ENABLE;
  ALTER TABLE "S4101382"."USERS" ADD PRIMARY KEY ("USER_ID")
  USING INDEX PCTFREE 10 INITRANS 2 MAXTRANS 255 COMPUTE STATISTICS 
  STORAGE(INITIAL 65536 NEXT 1048576 MINEXTENTS 1 MAXEXTENTS 2147483645
  PCTINCREASE 0 FREELISTS 1 FREELIST GROUPS 1
  BUFFER_POOL DEFAULT FLASH_CACHE DEFAULT CELL_FLASH_CACHE DEFAULT)
  TABLESPACE "S4101382"  ENABLE;
  ALTER TABLE "S4101382"."USERS" MODIFY ("ENROLLED" NOT NULL ENABLE);
--------------------------------------------------------
--  Ref Constraints for Table MODULES
--------------------------------------------------------

  ALTER TABLE "S4101382"."MODULES" ADD FOREIGN KEY ("MODULE_TEACHER")
	  REFERENCES "S4101382"."USERS" ("USER_ID") ENABLE;
  ALTER TABLE "S4101382"."MODULES" ADD FOREIGN KEY ("COURSE_ID")
	  REFERENCES "S4101382"."COURSE" ("COURSE_ID") ENABLE;
--------------------------------------------------------
--  Ref Constraints for Table STUDENTS_COURSES
--------------------------------------------------------

  ALTER TABLE "S4101382"."STUDENTS_COURSES" ADD FOREIGN KEY ("USER_ID")
	  REFERENCES "S4101382"."USERS" ("USER_ID") ENABLE;
  ALTER TABLE "S4101382"."STUDENTS_COURSES" ADD FOREIGN KEY ("COURSE_ID")
	  REFERENCES "S4101382"."COURSE" ("COURSE_ID") ENABLE;
--------------------------------------------------------
--  Ref Constraints for Table STUDENTS_MODULES
--------------------------------------------------------

  ALTER TABLE "S4101382"."STUDENTS_MODULES" ADD FOREIGN KEY ("STUDENTS")
	  REFERENCES "S4101382"."USERS" ("USER_ID") ENABLE;
  ALTER TABLE "S4101382"."STUDENTS_MODULES" ADD FOREIGN KEY ("MODULE_ID")
	  REFERENCES "S4101382"."MODULES" ("MODULE_ID") ENABLE;
